feature,importance
num__MonthlyIncome,0.06262357260277134
num__IncomePerJobLevel,0.061597352132595935
num__SatisfactionIndex,0.056030227782257074
num__TotalWorkingYears,0.05590309783229319
num__DailyRate,0.043150213077653564
num__DistanceFromHome,0.042148047672578466
num__YearsAtCompany,0.040695853179151205
num__StockOptionLevel,0.038914347478550576
num__MonthlyRate,0.03681695728291403
num__TenureToExperienceRatio,0.03366460944547891
num__NumCompaniesWorked,0.03306515817345069
num__ManagerTenureRatio,0.03056649384565425
num__PercentSalaryHike,0.029760991564173018
num__YearsWithCurrManager,0.02855032971001479
num__HourlyRate,0.02824818851200929
num__PromotionWaitRatio,0.026006741427650876
cat__OverTime_No,0.02488569609252842
num__JobLevel,0.024482410286069674
num__OverTimeFlag,0.02325423594187615
cat__OverTime_Yes,0.022798654035049864
num__JobSatisfaction,0.022167171102372173
num__EnvironmentSatisfaction,0.021576400405842175
num__YearsInCurrentRole,0.02126957752687797
num__JobInvolvement,0.016936036523322533
num__RelationshipSatisfaction,0.015776040209273746
num__EarlyCareerFlag,0.014255852669052927
num__FrequentJobChangeFlag,0.013923965585047344
num__WorkLifeBalance,0.01290507300274236
num__YearsSinceLastPromotion,0.012470039363804699
num__TrainingTimesLastYear,0.01060210193450463
num__Education,0.010442910707177908
cat__BusinessTravel_Travel_Frequently,0.009132372382393693
cat__Department_Research & Development,0.00898935780421258
cat__Department_Sales,0.00891933149624305
cat__JobRole_Sales Executive,0.008208951916684325
cat__JobRole_Laboratory Technician,0.007731431340203619
cat__JobRole_Research Scientist,0.006935428476315805
cat__EducationField_Medical,0.0054456983414538284
cat__EducationField_Life Sciences,0.005128237415134731
cat__BusinessTravel_Travel_Rarely,0.005055691164303885
cat__BusinessTravel_Non-Travel,0.003818129231551534
cat__EducationField_Marketing,0.0027955361094680327
cat__JobRole_Sales Representative,0.00229662312363721
cat__JobRole_Manufacturing Director,0.002222856300785917
num__PerformanceRating,0.0020160597849067994
cat__JobRole_Healthcare Representative,0.0017945681411085175
cat__EducationField_Technical Degree,0.0011761358951870274
cat__JobRole_Manager,0.001117312157401882
cat__JobRole_Research Director,0.0009932634161406786
cat__EducationField_Other,0.00039655289689842445
cat__JobRole_Human Resources,0.00023207459067216784
cat__Department_Human Resources,0.00010604091055648563
cat__EducationField_Human Resources,0.0
